INSERT INTO APP.USUARIO (USUARIO, APELLIDOS, CODIGO_POSTAL, "CONTRASEÑA", CORREO_ELECTRONICO, DESCRIPCION, DIRECCION, DNI, FECHA_ALTA, FECHA_BAJA, NOMBRE, POBLACION, PROVINCIA, TELEFONO) 
	VALUES ('ambrambr', 'ambrambr', 123123, 'ambrambr', 'ambrambr@ksnf.com', 'ambrambr', 'ambrambr', '12123123', '2019-05-29', '2019-05-29', 'ambrambr', 'ambrambr', 'ambrambr', '124312312');
INSERT INTO APP.USUARIO (USUARIO, APELLIDOS, CODIGO_POSTAL, "CONTRASEÑA", CORREO_ELECTRONICO, DESCRIPCION, DIRECCION, DNI, FECHA_ALTA, FECHA_BAJA, NOMBRE, POBLACION, PROVINCIA, TELEFONO) 
	VALUES ('aliciamorales1', 'Morales', 29003, 'contraseña', 'aliciamorales1@gmail.com', NULL, 'Calle Rute n2', '85749356', '2019-05-29', '2019-09-29', 'Alicia', 'Leon', 'Leon', '654234567');
INSERT INTO APP.USUARIO (USUARIO, APELLIDOS, CODIGO_POSTAL, "CONTRASEÑA", CORREO_ELECTRONICO, DESCRIPCION, DIRECCION, DNI, FECHA_ALTA, FECHA_BAJA, NOMBRE, POBLACION, PROVINCIA, TELEFONO) 
	VALUES ('ambroxmr', 'Burgueño', 27663, 'ambroxmr', 'ambroxmr@outlook.es', NULL, 'Avenida Paseo Ronda n3', '39485760', '2019-05-29', '2019-08-29', 'Antonio', 'Barcelona', 'Barcelona', '762384536');
INSERT INTO APP.USUARIO (USUARIO, APELLIDOS, CODIGO_POSTAL, "CONTRASEÑA", CORREO_ELECTRONICO, DESCRIPCION, DIRECCION, DNI, FECHA_ALTA, FECHA_BAJA, NOMBRE, POBLACION, PROVINCIA, TELEFONO) 
	VALUES ('juanito24', 'Romero', 29210, 'pokemoon', 'juanito24@gmail.com', NULL, 'Calle la rosa n2', '18375638', '2019-05-29', '2021-05-29', 'Juan', 'Villareal', 'Villareal', '628395605');
INSERT INTO APP.USUARIO (USUARIO, APELLIDOS, CODIGO_POSTAL, "CONTRASEÑA", CORREO_ELECTRONICO, DESCRIPCION, DIRECCION, DNI, FECHA_ALTA, FECHA_BAJA, NOMBRE, POBLACION, PROVINCIA, TELEFONO) 
	VALUES ('abelcabrera', 'Cabrera', 25834, 'enki123', 'abelcabrera@hotmail.es', NULL, 'Calle Alicia n9', '19828345', '2019-05-29', '2019-12-01', 'Abel', 'Palencia', 'Palencia', '638475643');
INSERT INTO APP.USUARIO (USUARIO, APELLIDOS, CODIGO_POSTAL, "CONTRASEÑA", CORREO_ELECTRONICO, DESCRIPCION, DIRECCION, DNI, FECHA_ALTA, FECHA_BAJA, NOMBRE, POBLACION, PROVINCIA, TELEFONO) 
	VALUES ('torresMigos', 'Fernandez', 14678, 'Manolo56', 'torresMigos@gmail.com', NULL, 'Ruta del pescado n1', '19305836', '2019-05-29', '2019-09-30', 'Enrique', 'Valencia', 'Valiencia', '623485495');
INSERT INTO APP.USUARIO (USUARIO, APELLIDOS, CODIGO_POSTAL, "CONTRASEÑA", CORREO_ELECTRONICO, DESCRIPCION, DIRECCION, DNI, FECHA_ALTA, FECHA_BAJA, NOMBRE, POBLACION, PROVINCIA, TELEFONO) 
	VALUES ('franRosa', 'Rosa', 26874, '12041998Aa.', 'franRosa@hotmail.es', NULL, 'Calle Pascual n4', '09283745', '2019-05-29', '2019-09-29', 'Francisco', 'Cuevas Bajas', 'Mañaga', '637482734');
INSERT INTO APP.USUARIO (USUARIO, APELLIDOS, CODIGO_POSTAL, "CONTRASEÑA", CORREO_ELECTRONICO, DESCRIPCION, DIRECCION, DNI, FECHA_ALTA, FECHA_BAJA, NOMBRE, POBLACION, PROVINCIA, TELEFONO) 
	VALUES ('unChichoDeCiudad', 'Martinez', 23764, 'puebloPaleta', 'unChicoDeCiudad@gmail.com', NULL, 'Calle revientacostales n5', '18274958', '2019-05-29', '2022-01-03', 'Roberto', 'Madrid', 'Madrid', '692837465');
INSERT INTO APP.USUARIO (USUARIO, APELLIDOS, CODIGO_POSTAL, "CONTRASEÑA", CORREO_ELECTRONICO, DESCRIPCION, DIRECCION, DNI, FECHA_ALTA, FECHA_BAJA, NOMBRE, POBLACION, PROVINCIA, TELEFONO) 
	VALUES ('hectorLavoeVive', 'Lavanda', 12467, 'candela4', 'hectorLavoeVive@kike.es', NULL, 'Avenida Ramón Costalero n45', '17283947', '2019-05-29', '2019-12-29', 'Gloria', 'Madrid', 'Madrid', '648273645');
INSERT INTO APP.USUARIO (USUARIO, APELLIDOS, CODIGO_POSTAL, "CONTRASEÑA", CORREO_ELECTRONICO, DESCRIPCION, DIRECCION, DNI, FECHA_ALTA, FECHA_BAJA, NOMBRE, POBLACION, PROVINCIA, TELEFONO) 
	VALUES ('locoRoco', 'Roco', 98340, 'rocoloco', 'locoRoco@hotmail.es', NULL, 'Calle Cristiano Ronaldo n7', '19847563', '2019-05-29', '2019-07-30', 'Irene', 'Sevilla', 'Sevilla', '736459283');
INSERT INTO APP.USUARIO (USUARIO, APELLIDOS, CODIGO_POSTAL, "CONTRASEÑA", CORREO_ELECTRONICO, DESCRIPCION, DIRECCION, DNI, FECHA_ALTA, FECHA_BAJA, NOMBRE, POBLACION, PROVINCIA, TELEFONO) 
	VALUES ('miguelRojo_5', 'Rojo', 12543, 'comunismo', 'miguelRojo_5@gmail.com', NULL, 'Avenida de la barra n39', '19384750', '2019-05-29', '2020-06-29', 'Miguel', 'Cuevas de San Marcos', 'Malaga', '789384756');
INSERT INTO APP.USUARIO (USUARIO, APELLIDOS, CODIGO_POSTAL, "CONTRASEÑA", CORREO_ELECTRONICO, DESCRIPCION, DIRECCION, DNI, FECHA_ALTA, FECHA_BAJA, NOMBRE, POBLACION, PROVINCIA, TELEFONO) 
	VALUES ('animalistaTaciturna', 'Lovato', 45876, 'vegetariana', 'vegeatariana23@gmail.com', NULL, 'Avenida Tijuana n1', '17364572', '2019-05-29', '2019-09-29', 'Ramona', 'Villaneblino', 'Leon', '666666543');
INSERT INTO APP.USUARIO (USUARIO, APELLIDOS, CODIGO_POSTAL, "CONTRASEÑA", CORREO_ELECTRONICO, DESCRIPCION, DIRECCION, DNI, FECHA_ALTA, FECHA_BAJA, NOMBRE, POBLACION, PROVINCIA, TELEFONO) 
	VALUES ('ivanGm98', 'Gomez', 25678, 'gomezmiguel', 'ivanGm98@outlook.es', NULL, '', '29384769', '2019-05-29', '2020-05-29', 'Ivan', 'Málaga', 'Málaga', '765456789');

INSERT INTO APP."NIÑO" (USUARIO, APELLIDOS, DIRECCION, FECHA_ALTA, FECHA_BAJA, FECHA_NACIMIENTO, FOTOGRAFIA, NOMBRE, POBLACION) 
	VALUES (111, 'Ramirez', '', '2019-05-29', '2021-11-27', '2014-05-14', NULL, 'Antonio', 'Huelva');
INSERT INTO APP."NIÑO" (USUARIO, APELLIDOS, DIRECCION, FECHA_ALTA, FECHA_BAJA, FECHA_NACIMIENTO, FOTOGRAFIA, NOMBRE, POBLACION) 
	VALUES (2, 'Gomez', NULL, '2019-05-29', '2021-05-29', '2011-05-23', NULL, 'Manuel', 'Cuevas Bajas');
INSERT INTO APP."NIÑO" (USUARIO, APELLIDOS, DIRECCION, FECHA_ALTA, FECHA_BAJA, FECHA_NACIMIENTO, FOTOGRAFIA, NOMBRE, POBLACION) 
	VALUES (3, 'De la Rosa', NULL, '2019-05-29', '2021-11-10', '2013-08-25', NULL, 'Alicia', 'Encinas Reales');
INSERT INTO APP."NIÑO" (USUARIO, APELLIDOS, DIRECCION, FECHA_ALTA, FECHA_BAJA, FECHA_NACIMIENTO, FOTOGRAFIA, NOMBRE, POBLACION) 
	VALUES (4, 'Romero', NULL, '2019-05-29', '2021-03-02', '2012-05-27', NULL, 'Juan', 'Salamanca');
INSERT INTO APP."NIÑO" (USUARIO, APELLIDOS, DIRECCION, FECHA_ALTA, FECHA_BAJA, FECHA_NACIMIENTO, FOTOGRAFIA, NOMBRE, POBLACION) 
	VALUES (5, 'Burgueño', NULL, '2019-05-29', '2021-05-23', '2010-12-13', NULL, 'Ivan', 'Sevilla');
INSERT INTO APP."NIÑO" (USUARIO, APELLIDOS, DIRECCION, FECHA_ALTA, FECHA_BAJA, FECHA_NACIMIENTO, FOTOGRAFIA, NOMBRE, POBLACION) 
	VALUES (6, 'Lopez', NULL, '2019-05-29', '2021-07-03', '2015-05-30', NULL, 'Miguel', 'Malaga');
INSERT INTO APP."NIÑO" (USUARIO, APELLIDOS, DIRECCION, FECHA_ALTA, FECHA_BAJA, FECHA_NACIMIENTO, FOTOGRAFIA, NOMBRE, POBLACION) 
	VALUES (7, 'Rios', NULL, '2019-05-29', '2021-05-02', '2013-05-18', NULL, 'Pedro', 'Barcelona');
INSERT INTO APP."NIÑO" (USUARIO, APELLIDOS, DIRECCION, FECHA_ALTA, FECHA_BAJA, FECHA_NACIMIENTO, FOTOGRAFIA, NOMBRE, POBLACION) 
	VALUES (8, 'Gines', NULL, '2019-05-29', '2021-09-09', '2016-03-04', NULL, 'Francisco', 'Valencia');
INSERT INTO APP."NIÑO" (USUARIO, APELLIDOS, DIRECCION, FECHA_ALTA, FECHA_BAJA, FECHA_NACIMIENTO, FOTOGRAFIA, NOMBRE, POBLACION) 
	VALUES (9, 'Robles', NULL, '2019-05-29', '2021-03-05', '2017-05-23', NULL, 'Ramon', 'Murcia');
INSERT INTO APP."NIÑO" (USUARIO, APELLIDOS, DIRECCION, FECHA_ALTA, FECHA_BAJA, FECHA_NACIMIENTO, FOTOGRAFIA, NOMBRE, POBLACION) 
	VALUES (10, 'Tortosa', NULL, '2019-05-29', '2021-01-01', '2014-05-15', NULL, 'Fernando', 'Ciudad Real');
INSERT INTO APP."NIÑO" (USUARIO, APELLIDOS, DIRECCION, FECHA_ALTA, FECHA_BAJA, FECHA_NACIMIENTO, FOTOGRAFIA, NOMBRE, POBLACION) 
	VALUES (11, 'Blanco', NULL, '2019-05-29', '2021-05-19', '2011-01-06', NULL, 'Candela', 'Rute');
INSERT INTO APP."NIÑO" (USUARIO, APELLIDOS, DIRECCION, FECHA_ALTA, FECHA_BAJA, FECHA_NACIMIENTO, FOTOGRAFIA, NOMBRE, POBLACION) 
	VALUES (12, 'Trujillo', NULL, '2019-05-29', '2021-12-30', '2014-05-25', NULL, 'Mari', 'Caceres');
INSERT INTO APP."NIÑO" (USUARIO, APELLIDOS, DIRECCION, FECHA_ALTA, FECHA_BAJA, FECHA_NACIMIENTO, FOTOGRAFIA, NOMBRE, POBLACION) 
	VALUES (13, 'Guerrero', NULL, '2019-05-29', '2021-04-09', '2017-05-03', NULL, 'Sara', 'Caceres');
INSERT INTO APP."NIÑO" (USUARIO, APELLIDOS, DIRECCION, FECHA_ALTA, FECHA_BAJA, FECHA_NACIMIENTO, FOTOGRAFIA, NOMBRE, POBLACION) 
	VALUES (14, 'Ruano', NULL, '2019-05-29', '2021-01-19', '2013-11-30', NULL, 'Helena', 'Aragon');
INSERT INTO APP."NIÑO" (USUARIO, APELLIDOS, DIRECCION, FECHA_ALTA, FECHA_BAJA, FECHA_NACIMIENTO, FOTOGRAFIA, NOMBRE, POBLACION) 
	VALUES (15, 'Higueras', NULL, '2019-05-29', '2021-07-01', '2014-11-13', NULL, 'Angela', 'Badajoz');
INSERT INTO APP."NIÑO" (USUARIO, APELLIDOS, DIRECCION, FECHA_ALTA, FECHA_BAJA, FECHA_NACIMIENTO, FOTOGRAFIA, NOMBRE, POBLACION) 
	VALUES (16, 'Alonso', NULL, '2019-05-29', '2021-05-07', '2016-05-06', NULL, 'Laura', 'Santiago de Compostela');
INSERT INTO APP."NIÑO" (USUARIO, APELLIDOS, DIRECCION, FECHA_ALTA, FECHA_BAJA, FECHA_NACIMIENTO, FOTOGRAFIA, NOMBRE, POBLACION) 
	VALUES (17, 'Sanz', NULL, '2019-05-29', '2021-05-04', '2015-05-04', NULL, 'Ana', 'Valencia');
INSERT INTO APP."NIÑO" (USUARIO, APELLIDOS, DIRECCION, FECHA_ALTA, FECHA_BAJA, FECHA_NACIMIENTO, FOTOGRAFIA, NOMBRE, POBLACION) 
	VALUES (18, 'Cabrera', NULL, '2019-05-29', '2021-06-29', '2016-04-01', NULL, 'Maria', 'Villareal');

INSERT INTO APP.EMPLEADO (USUARIO, APELLIDOS, CODIGO_POSTAL, "CONTRASEÑA", CORREO_ELECTRONICO, DIRECCION, DNI, FECHA_ALTA, FECHA_BAJA, NOMBRE, NUMERO_EMPLEADO, POBLACION, PROVINCIA, TELEFONO) 
	VALUES ('rogelioMartinez', 'Martinez', 29001, 'admin1', 'rogelioMartinez@hefesto.es', 'Calle Alfonso XIII n2', '23456453', CURRENT_DATE, '2021-06-12', 'Rogelio', 23543, 'Cuevas de San Marcos', 'Malaga', '645324568');
INSERT INTO APP.EMPLEADO (USUARIO, APELLIDOS, CODIGO_POSTAL, "CONTRASEÑA", CORREO_ELECTRONICO, DIRECCION, DNI, FECHA_ALTA, FECHA_BAJA, NOMBRE, NUMERO_EMPLEADO, POBLACION, PROVINCIA, TELEFONO) 
	VALUES ('franciscoCabrera', 'Cabrera', 29210, 'admin2', 'franciscoCabrera@hefesto.es', 'Avenida Rute n34', '12674568', CURRENT_DATE, '2020-01-14', 'Francisco', 43523432, 'Antequera', 'Malaga', '643512345');
INSERT INTO APP.EMPLEADO (USUARIO, APELLIDOS, CODIGO_POSTAL, "CONTRASEÑA", CORREO_ELECTRONICO, DIRECCION, DNI, FECHA_ALTA, FECHA_BAJA, NOMBRE, NUMERO_EMPLEADO, POBLACION, PROVINCIA, TELEFONO) 
	VALUES ('fernandoReverte', 'Reverte', 29004, 'admin3', 'fernandoReverte@hefesto.es', 'Calle Higueras n1', '92837468', CURRENT_DATE, '2021-07-04', 'Fernando', 234324, 'Villanueva de Algaidas', 'Malaga', '786543456');
INSERT INTO APP.EMPLEADO (USUARIO, APELLIDOS, CODIGO_POSTAL, "CONTRASEÑA", CORREO_ELECTRONICO, DIRECCION, DNI, FECHA_ALTA, FECHA_BAJA, NOMBRE, NUMERO_EMPLEADO, POBLACION, PROVINCIA, TELEFONO) 
	VALUES ('ivanGarcia', 'Garcia', 29234, 'admin4', 'ivenGarcia@hefesto.es', 'Calle Ronda n4', '00293847', CURRENT_DATE, '2022-11-01', 'Ivan', 23424, 'Sierra de Yeguas', 'Malaga', '627364523');
INSERT INTO APP.EMPLEADO (USUARIO, APELLIDOS, CODIGO_POSTAL, "CONTRASEÑA", CORREO_ELECTRONICO, DIRECCION, DNI, FECHA_ALTA, FECHA_BAJA, NOMBRE, NUMERO_EMPLEADO, POBLACION, PROVINCIA, TELEFONO) 
	VALUES ('antonioBurgueño', 'Burgueño', 29010, 'admin5', 'antonioBurgueño@hefesto.es', 'Calle Manolo Escobar n43', '22837445', CURRENT_DATE, '2021-12-23', 'Antonio', 345435, 'Cuevas Bajas', 'Malaga', '600984756');
INSERT INTO APP.EMPLEADO (USUARIO, APELLIDOS, CODIGO_POSTAL, "CONTRASEÑA", CORREO_ELECTRONICO, DIRECCION, DNI, FECHA_ALTA, FECHA_BAJA, NOMBRE, NUMERO_EMPLEADO, POBLACION, PROVINCIA, TELEFONO) 
	VALUES ('adrianRoman', 'Roman', 29009, 'admin6', 'adrianRoman@hefesto.es', 'Avenida Carretera del Pantano n12', '11122232', CURRENT_DATE, '2021-02-12', 'Adrian', 345234, 'Malaga', 'Malaga', '688475633');

INSERT INTO APP.PETICION (ID, DESCRIPCION, FECHAPETICION, "NUMERO_NIÑOS", TIPO, USUARIO_USUARIO) 
	VALUES (1, '', '2019-04-12', 1, 1, 'ambrambr');
INSERT INTO APP.PETICION (ID, DESCRIPCION, FECHAPETICION, "NUMERO_NIÑOS", TIPO, USUARIO_USUARIO) 
	VALUES (2, NULL, '2019-03-02', 2, 0, 'aliciamorales1');
INSERT INTO APP.PETICION (ID, DESCRIPCION, FECHAPETICION, "NUMERO_NIÑOS", TIPO, USUARIO_USUARIO) 
	VALUES (3, NULL, '2019-01-12', 1, 1, 'juanito24');
INSERT INTO APP.PETICION (ID, DESCRIPCION, FECHAPETICION, "NUMERO_NIÑOS", TIPO, USUARIO_USUARIO) 
	VALUES (4, NULL, '2019-01-20', 3, 1, 'abelcabrera');
INSERT INTO APP.PETICION (ID, DESCRIPCION, FECHAPETICION, "NUMERO_NIÑOS", TIPO, USUARIO_USUARIO) 
	VALUES (5, NULL, '2019-03-13', 2, 1, 'torresMigos');
INSERT INTO APP.PETICION (ID, DESCRIPCION, FECHAPETICION, "NUMERO_NIÑOS", TIPO, USUARIO_USUARIO) 
	VALUES (6, NULL, '2019-03-22', 4, 1, 'franRosa');
INSERT INTO APP.PETICION (ID, DESCRIPCION, FECHAPETICION, "NUMERO_NIÑOS", TIPO, USUARIO_USUARIO) 
	VALUES (7, NULL, '2019-03-06', 1, 1, 'unChichoDeCiudad');
INSERT INTO APP.PETICION (ID, DESCRIPCION, FECHAPETICION, "NUMERO_NIÑOS", TIPO, USUARIO_USUARIO) 
	VALUES (8, NULL, '2019-04-02', 2, 1, 'ambroxmr');
INSERT INTO APP.PETICION (ID, DESCRIPCION, FECHAPETICION, "NUMERO_NIÑOS", TIPO, USUARIO_USUARIO) 
	VALUES (9, NULL, '2019-03-13', 3, 1, 'ivanGm98');
INSERT INTO APP.PETICION (ID, DESCRIPCION, FECHAPETICION, "NUMERO_NIÑOS", TIPO, USUARIO_USUARIO) 
	VALUES (10, NULL, '2019-05-24', 1, 0, 'hectorLavoeVive');
INSERT INTO APP.PETICION (ID, DESCRIPCION, FECHAPETICION, "NUMERO_NIÑOS", TIPO, USUARIO_USUARIO) 
	VALUES (11, NULL, '2019-05-30', 2, 1, 'locoRoco');
INSERT INTO APP.PETICION (ID, DESCRIPCION, FECHAPETICION, "NUMERO_NIÑOS", TIPO, USUARIO_USUARIO) 
	VALUES (12, NULL, '2019-03-06', 3, 1, 'miguelRojo_5');
INSERT INTO APP.PETICION (ID, DESCRIPCION, FECHAPETICION, "NUMERO_NIÑOS", TIPO, USUARIO_USUARIO) 
	VALUES (13, NULL, '2019-03-19', 1, 0, 'animalistaTaciturna');
INSERT INTO APP.PETICION (ID, DESCRIPCION, FECHAPETICION, "NUMERO_NIÑOS", TIPO, USUARIO_USUARIO) 
	VALUES (14, NULL, '2019-01-10', 2, 1, 'juanito24');
INSERT INTO APP.PETICION (ID, DESCRIPCION, FECHAPETICION, "NUMERO_NIÑOS", TIPO, USUARIO_USUARIO) 
	VALUES (15, NULL, '2019-02-13', 4, 1, 'aliciamorales1');
INSERT INTO APP.PETICION (ID, DESCRIPCION, FECHAPETICION, "NUMERO_NIÑOS", TIPO, USUARIO_USUARIO) 
	VALUES (16, NULL, '2019-03-01', 2, 1, 'ambrambr');
INSERT INTO APP.PETICION (ID, DESCRIPCION, FECHAPETICION, "NUMERO_NIÑOS", TIPO, USUARIO_USUARIO) 
	VALUES (17, NULL, '2019-01-04', 2, 1, 'franRosa');
INSERT INTO APP.PETICION (ID, DESCRIPCION, FECHAPETICION, "NUMERO_NIÑOS", TIPO, USUARIO_USUARIO) 
	VALUES (18, NULL, '2019-04-13', 2, 1, 'animalistaTaciturna');

INSERT INTO APP.HISTORIAL_PADRINOS (ID, DESCRIPCION, FECHA_APADRINAMIENTO, FECHA_CANCELACION, "NIÑO", USUARIO) 
	VALUES (1, NULL, '2019-02-23', '2019-05-30', 2, 'aliciamorales1');
INSERT INTO APP.HISTORIAL_PADRINOS (ID, DESCRIPCION, FECHA_APADRINAMIENTO, FECHA_CANCELACION, "NIÑO", USUARIO) 
	VALUES (2, NULL, '2019-03-13', '2019-06-30', 3, 'ambroxmr');
INSERT INTO APP.HISTORIAL_PADRINOS (ID, DESCRIPCION, FECHA_APADRINAMIENTO, FECHA_CANCELACION, "NIÑO", USUARIO) 
	VALUES (3, NULL, '2019-01-15', '2019-08-30', 4, 'juanito24');
INSERT INTO APP.HISTORIAL_PADRINOS (ID, DESCRIPCION, FECHA_APADRINAMIENTO, FECHA_CANCELACION, "NIÑO", USUARIO) 
	VALUES (4, NULL, '2019-04-12', '2019-05-30', 2, 'juanito24');
INSERT INTO APP.HISTORIAL_PADRINOS (ID, DESCRIPCION, FECHA_APADRINAMIENTO, FECHA_CANCELACION, "NIÑO", USUARIO) 
	VALUES (5, NULL, '2019-05-23', '2019-10-30', 3, 'abelcabrera');
INSERT INTO APP.HISTORIAL_PADRINOS (ID, DESCRIPCION, FECHA_APADRINAMIENTO, FECHA_CANCELACION, "NIÑO", USUARIO) 
	VALUES (6, NULL, '2019-01-02', '2019-11-30', 5, 'torresMigos');
INSERT INTO APP.HISTORIAL_PADRINOS (ID, DESCRIPCION, FECHA_APADRINAMIENTO, FECHA_CANCELACION, "NIÑO", USUARIO) 
	VALUES (7, NULL, '2019-02-05', '2019-12-30', 6, 'franRosa');
INSERT INTO APP.HISTORIAL_PADRINOS (ID, DESCRIPCION, FECHA_APADRINAMIENTO, FECHA_CANCELACION, "NIÑO", USUARIO) 
	VALUES (8, NULL, '2019-04-06', '2019-07-30', 7, 'unChichoDeCiudad');
INSERT INTO APP.HISTORIAL_PADRINOS (ID, DESCRIPCION, FECHA_APADRINAMIENTO, FECHA_CANCELACION, "NIÑO", USUARIO) 
	VALUES (9, NULL, '2019-05-01', '2019-08-30', 5, 'hectorLavoeVive');
INSERT INTO APP.HISTORIAL_PADRINOS (ID, DESCRIPCION, FECHA_APADRINAMIENTO, FECHA_CANCELACION, "NIÑO", USUARIO) 
	VALUES (10, NULL, '2019-05-28', '2019-07-31', 6, 'locoRoco');
INSERT INTO APP.HISTORIAL_PADRINOS (ID, DESCRIPCION, FECHA_APADRINAMIENTO, FECHA_CANCELACION, "NIÑO", USUARIO) 
	VALUES (12, NULL, '2019-03-02', '2019-07-30', 8, 'miguelRojo_5');
INSERT INTO APP.HISTORIAL_PADRINOS (ID, DESCRIPCION, FECHA_APADRINAMIENTO, FECHA_CANCELACION, "NIÑO", USUARIO) 
	VALUES (13, NULL, '2019-03-31', '2019-12-30', 9, 'animalistaTaciturna');
INSERT INTO APP.HISTORIAL_PADRINOS (ID, DESCRIPCION, FECHA_APADRINAMIENTO, FECHA_CANCELACION, "NIÑO", USUARIO) 
	VALUES (14, NULL, '2019-04-12', '2019-12-03', 10, 'ivanGm98');
INSERT INTO APP.HISTORIAL_PADRINOS (ID, DESCRIPCION, FECHA_APADRINAMIENTO, FECHA_CANCELACION, "NIÑO", USUARIO) 
	VALUES (15, NULL, '2019-05-15', '2019-11-30', 11, 'franRosa');
INSERT INTO APP.HISTORIAL_PADRINOS (ID, DESCRIPCION, FECHA_APADRINAMIENTO, FECHA_CANCELACION, "NIÑO", USUARIO) 
	VALUES (16, NULL, '2019-05-24', '2019-08-03', 12, 'abelcabrera');
INSERT INTO APP.HISTORIAL_PADRINOS (ID, DESCRIPCION, FECHA_APADRINAMIENTO, FECHA_CANCELACION, "NIÑO", USUARIO) 
	VALUES (17, NULL, '2019-05-05', '2019-09-30', 1, 'ambroxmr');
INSERT INTO APP.HISTORIAL_PADRINOS (ID, DESCRIPCION, FECHA_APADRINAMIENTO, FECHA_CANCELACION, "NIÑO", USUARIO) 
	VALUES (18, NULL, '2019-05-23', '2019-10-30', 3, 'juanito24');
INSERT INTO APP.HISTORIAL_PADRINOS (ID, DESCRIPCION, FECHA_APADRINAMIENTO, FECHA_CANCELACION, "NIÑO", USUARIO) 
	VALUES (19, NULL, '2019-02-26', '2019-07-30', 13, 'torresMigos');
INSERT INTO APP.HISTORIAL_PADRINOS (ID, DESCRIPCION, FECHA_APADRINAMIENTO, FECHA_CANCELACION, "NIÑO", USUARIO) 
	VALUES (20, NULL, '2019-01-14', '2019-06-30', 14, 'unChichoDeCiudad');
INSERT INTO APP.HISTORIAL_PADRINOS (ID, DESCRIPCION, FECHA_APADRINAMIENTO, FECHA_CANCELACION, "NIÑO", USUARIO) 
	VALUES (21, NULL, '2019-05-31', '2019-08-30', 15, 'miguelRojo_5');
INSERT INTO APP.HISTORIAL_PADRINOS (ID, DESCRIPCION, FECHA_APADRINAMIENTO, FECHA_CANCELACION, "NIÑO", USUARIO) 
	VALUES (22, NULL, '2019-05-31', '2019-10-30', 16, 'ivanGm98');
INSERT INTO APP.HISTORIAL_PADRINOS (ID, DESCRIPCION, FECHA_APADRINAMIENTO, FECHA_CANCELACION, "NIÑO", USUARIO) 
	VALUES (23, NULL, '2019-03-05', '2019-05-30', 17, 'ambroxmr');
INSERT INTO APP.HISTORIAL_PADRINOS (ID, DESCRIPCION, FECHA_APADRINAMIENTO, FECHA_CANCELACION, "NIÑO", USUARIO) 
	VALUES (24, NULL, '2019-02-13', '2019-11-30', 18, 'abelcabrera');
INSERT INTO APP.HISTORIAL_PADRINOS (ID, DESCRIPCION, FECHA_APADRINAMIENTO, FECHA_CANCELACION, "NIÑO", USUARIO) 
	VALUES (25, NULL, '2019-04-23', '2019-12-30', 15, 'hectorLavoeVive');
INSERT INTO APP.HISTORIAL_PADRINOS (ID, DESCRIPCION, FECHA_APADRINAMIENTO, FECHA_CANCELACION, "NIÑO", USUARIO) 
	VALUES (26, NULL, '2019-01-27', '2019-12-30', 14, 'franRosa');
INSERT INTO APP.HISTORIAL_PADRINOS (ID, DESCRIPCION, FECHA_APADRINAMIENTO, FECHA_CANCELACION, "NIÑO", USUARIO) 
	VALUES (27, NULL, '2019-01-28', '2019-11-30', 17, 'aliciamorales1');
INSERT INTO APP.HISTORIAL_PADRINOS (ID, DESCRIPCION, FECHA_APADRINAMIENTO, FECHA_CANCELACION, "NIÑO", USUARIO) 
	VALUES (28, NULL, '2019-05-12', '2019-12-30', 7, 'animalistaTaciturna');
INSERT INTO APP.HISTORIAL_PADRINOS (ID, DESCRIPCION, FECHA_APADRINAMIENTO, FECHA_CANCELACION, "NIÑO", USUARIO) 
	VALUES (29, NULL, '2019-05-02', '2019-09-30', 5, 'torresMigos');
INSERT INTO APP.HISTORIAL_PADRINOS (ID, DESCRIPCION, FECHA_APADRINAMIENTO, FECHA_CANCELACION, "NIÑO", USUARIO) 
	VALUES (30, NULL, '2019-02-05', '2019-09-03', 8, 'franRosa');

INSERT INTO APP.PAQUETE (ID, ADJUNTO, DESCRIPCION, DESTINO, ESTADO, FECHA_ENTREGA, FECHA_ENVIO, ORIGEN, EMPLEADO_USUARIO) 
	VALUES (11, NULL, 'Vacunas tetanos', 'Honduras', 'Pendiente', NULL, '2019-05-12', 'Hospital Clínico Universitario Malaga', 'antonioBurgueño');
INSERT INTO APP.PAQUETE (ID, ADJUNTO, DESCRIPCION, DESTINO, ESTADO, FECHA_ENTREGA, FECHA_ENVIO, ORIGEN, EMPLEADO_USUARIO) 
	VALUES (2, NULL, 'Material enfermeria', 'Honduras', 'Pendiente', NULL, '2019-05-14', 'Hospital Sevilla', 'adrianRoman');
INSERT INTO APP.PAQUETE (ID, ADJUNTO, DESCRIPCION, DESTINO, ESTADO, FECHA_ENTREGA, FECHA_ENVIO, ORIGEN, EMPLEADO_USUARIO) 
	VALUES (3, NULL, 'Tiritas', 'Honduras', 'Pendiente', NULL, '2019-05-25', 'Anonimo', 'ivanGarcia');
INSERT INTO APP.PAQUETE (ID, ADJUNTO, DESCRIPCION, DESTINO, ESTADO, FECHA_ENTREGA, FECHA_ENVIO, ORIGEN, EMPLEADO_USUARIO) 
	VALUES (4, NULL, 'Agua', 'Honduras', 'Pendiente', NULL, '2019-05-29', 'Anónimo', 'fernandoReverte');
INSERT INTO APP.PAQUETE (ID, ADJUNTO, DESCRIPCION, DESTINO, ESTADO, FECHA_ENTREGA, FECHA_ENVIO, ORIGEN, EMPLEADO_USUARIO) 
	VALUES (5, NULL, 'Nutrientes', 'Honduras', 'Pendiente', NULL, '2019-05-28', 'Cruz Roja', 'franciscoCabrera');
INSERT INTO APP.PAQUETE (ID, ADJUNTO, DESCRIPCION, DESTINO, ESTADO, FECHA_ENTREGA, FECHA_ENVIO, ORIGEN, EMPLEADO_USUARIO) 
	VALUES (6, NULL, 'Leche', 'Honduras', 'Aceptado', '2019-05-20', '2019-05-17', 'Unicef', 'rogelioMartinez');
INSERT INTO APP.PAQUETE (ID, ADJUNTO, DESCRIPCION, DESTINO, ESTADO, FECHA_ENTREGA, FECHA_ENVIO, ORIGEN, EMPLEADO_USUARIO) 
	VALUES (7, NULL, 'Vacunas', 'Honduras', 'Aceptado', '2019-05-23', '2019-05-20', 'Unicef', 'antonioBurgueño');
INSERT INTO APP.PAQUETE (ID, ADJUNTO, DESCRIPCION, DESTINO, ESTADO, FECHA_ENTREGA, FECHA_ENVIO, ORIGEN, EMPLEADO_USUARIO) 
	VALUES (8, NULL, 'Agua', 'Honduras', 'Aceptado', '2019-05-25', '2019-05-22', 'Anonimo', 'adrianRoman');
INSERT INTO APP.PAQUETE (ID, ADJUNTO, DESCRIPCION, DESTINO, ESTADO, FECHA_ENTREGA, FECHA_ENVIO, ORIGEN, EMPLEADO_USUARIO) 
	VALUES (9, NULL, 'Leche', 'Honduras', 'Cancelado', NULL, '2019-04-02', 'Caritas', 'fernandoReverte');
INSERT INTO APP.PAQUETE (ID, ADJUNTO, DESCRIPCION, DESTINO, ESTADO, FECHA_ENTREGA, FECHA_ENVIO, ORIGEN, EMPLEADO_USUARIO) 
	VALUES (10, NULL, 'Comida', 'Honduras', 'Cancelado', NULL, '2019-03-12', 'Cruz Roja Malaga', 'rogelioMartinez');
INSERT INTO APP.PAQUETE (ID, ADJUNTO, DESCRIPCION, DESTINO, ESTADO, FECHA_ENTREGA, FECHA_ENVIO, ORIGEN, EMPLEADO_USUARIO) 
	VALUES (12, NULL, 'Comida', 'Honduras', 'Pendiente', NULL, '2019-04-14', 'ONG anonima', 'ivanGarcia');

INSERT INTO APP.CARTA (ID, ADJUNTO, ASUNTO, AUTORIZADO, EMISOR, FECHA_ENTREGA, FECHA_ENVIO, MENSAJE, EMPLEADO_USUARIO, "NIÑO_USUARIO", USUARIO_USUARIO) 
	VALUES (102, NULL, 'Me encantaron los dibujos!', 0, 1, NULL, '2019-05-30', 'Muchisimas gracias Manuel, cada día dibujas mejor. Estaré encantada de que me dibujes más cuando quieras :)', NULL, 2, 'aliciamorales1');
INSERT INTO APP.CARTA (ID, ADJUNTO, ASUNTO, AUTORIZADO, EMISOR, FECHA_ENTREGA, FECHA_ENVIO, MENSAJE, EMPLEADO_USUARIO, "NIÑO_USUARIO", USUARIO_USUARIO) 
	VALUES (103, NULL, 'Has crecido muchísimo :o', 0, 1, NULL, '2019-05-30', 'Hola aliciaa :)), el otro día me llegaron tus fotos tras 3 meses y has crecido muchísimo, me alegro de que te gustaran aquellas galletas que te mandé y pronto te llegarán más.', NULL, 3, 'juanito24');
INSERT INTO APP.CARTA (ID, ADJUNTO, ASUNTO, AUTORIZADO, EMISOR, FECHA_ENTREGA, FECHA_ENVIO, MENSAJE, EMPLEADO_USUARIO, "NIÑO_USUARIO", USUARIO_USUARIO) 
	VALUES (104, NULL, 'Qye tal estas maria', 0, 1, NULL, '2019-05-30', 'que tal mariaa, te he enviado un par de cositas que seguro que te gustan, pronto te llegaran un abrazo', NULL, 18, 'abelcabrera');
INSERT INTO APP.CARTA (ID, ADJUNTO, ASUNTO, AUTORIZADO, EMISOR, FECHA_ENTREGA, FECHA_ENVIO, MENSAJE, EMPLEADO_USUARIO, "NIÑO_USUARIO", USUARIO_USUARIO) 
	VALUES (105, NULL, 'Me encantaron los dulces :)', 0, 0, NULL, '2019-05-30', 'muchas gracias por los dulces enrique me encantaron espero verte pronto :D', NULL, 6, 'torresMigos');
INSERT INTO APP.CARTA (ID, ADJUNTO, ASUNTO, AUTORIZADO, EMISOR, FECHA_ENTREGA, FECHA_ENVIO, MENSAJE, EMPLEADO_USUARIO, "NIÑO_USUARIO", USUARIO_USUARIO) 
	VALUES (106, NULL, 'Abel me encantaria una foto tuya', 0, 0, NULL, '2019-05-30', 'Buenas abel hace ya un mes que no te envio ninguna carta, te escribo porque me gustaria ver una foto tuya, ademas te mando yo una mia para que veas lo bien que estoy y lo que he creido :))', NULL, 14, 'abelcabrera');
